{
	"info": {
		"_postman_id": "0d4a08e5-4b11-4c9f-a6c2-9a8c10670bfc",
		"name": "localhost:3000",
		"schema": "https://schema.getpostman.com/json/collection/v2.1.0/collection.json",
		"_exporter_id": "46277755"
	},
	"item": [
		{
			"name": "/students",
			"request": {
				"method": "POST",
				"header": [],
				"body": {
					"mode": "raw",
					"raw": "{\n  \"id\": 3,\n  \"name\": \"Michael\",\n  \"email\": \"michael@example.com\",\n  \"program\": \"Engineering\"\n}\n",
					"options": {
						"raw": {
							"language": "json"
						}
					}
				},
				"url": {
					"raw": "http://localhost:3000/students",
					"protocol": "http",
					"host": [
						"localhost"
					],
					"port": "3000",
					"path": [
						"students"
					]
				}
			},
			"response": []
		},
		{
			"name": "/students/1",
			"protocolProfileBehavior": {
				"disableBodyPruning": true
			},
			"request": {
				"method": "GET",
				"header": [],
				"body": {
					"mode": "urlencoded",
					"urlencoded": [
						{
							"key": "title",
							"value": "LaoFuZi",
							"type": "text"
						},
						{
							"key": "author",
							"value": "WangZe",
							"type": "text"
						}
					]
				},
				"url": {
					"raw": "http://localhost:3000/students/1",
					"protocol": "http",
					"host": [
						"localhost"
					],
					"port": "3000",
					"path": [
						"students",
						"1"
					]
				}
			},
			"response": []
		},
		{
			"name": "/students",
			"protocolProfileBehavior": {
				"disableBodyPruning": true
			},
			"request": {
				"method": "GET",
				"header": [],
				"body": {
					"mode": "urlencoded",
					"urlencoded": [
						{
							"key": "title",
							"value": "LaoFuZi",
							"type": "text"
						},
						{
							"key": "author",
							"value": "WangZe",
							"type": "text"
						}
					]
				},
				"url": {
					"raw": "http://localhost:3000/students",
					"protocol": "http",
					"host": [
						"localhost"
					],
					"port": "3000",
					"path": [
						"students"
					]
				}
			},
			"response": []
		}
	]
}